mse,rmse,r2_score,mae,epochs,units
74.04405603787417,8.604885591213527,-1.5306637814448116,7.088538287488722,4.0,4.0
