mse,rmse,r2_score,mae,epochs,units
4.095983304651199,2.0238535778685174,0.0,0.7296787717391301,4.0,4.0
